HIP,Gaia,RA_ICRS,DE_ICRS,d_pc,dpmRA,dpmDE,chi2,trif_name,trif_n_rv,trif_timespan_d,trif_rvc_std_mps,sep_arcsec
81476,4461097047624878720,249.62472025772,12.66247619901,58.27675631574346,-0.0008,0.0004,290100.0,HD150122,7,203.23961999965832,1622.4035734751546,0.7211464437735899
102851,1858219151114884352,312.54397696519,29.38393356463,20.163566854322262,0.0,-0.0004,80090.0,HD198550,6,7245.025309999939,204.04827142165811,0.5863386860069564
22596,254503754623418240,72.93394607686,45.83162089612,31.02660841938046,-0.022,0.0051,72540.0,HD30649,37,9169.91270999983,1110.613493601041,10.791921941394085
67422,1451450048399808384,207.26459135467,26.97943960689,13.496424122428763,-0.0145,-0.0095,63800.0,HD120476A,26,8718.982799999882,231.62935144319223,6.917516999568234
58318,792549013757246976,179.38037655504,53.5541364433,99.18863694975104,0.0,-0.0001,60220.0,HD103829,21,7841.588030000217,1144.9500535932395,0.5926562240479136
71631,1668690628102524672,219.74948181041,64.2914968845,34.40434045159137,-0.0015,-0.0029,58680.0,HD129333,26,6583.8898499999195,180.3512403712267,2.2570154777741265
3185,2347427402266219008,10.13980434168,-23.80645142986,28.530019286293037,0.0322,-0.0021,57850.0,HD3795,50,9055.183369999751,523.1854905520314,11.778266098934484
58576,3575733210781078016,180.18562451624,-10.44819969845,12.765539171695226,0.0005,0.0,57500.0,HD104304,63,5460.097349999938,285.36083501492413,7.568456012106911
77810,4426054581256895104,238.33322423581,4.2532897149,46.12056838988483,-0.0004,0.0001,56270.0,HD142229,20,8057.110239999834,614.023434602971,0.5628022187565871
78709,1219254942328596736,241.0127140589,25.2578598082,21.630460880229975,-0.0383,0.0326,55340.0,HD144287,63,7121.302680000197,613.3692139593264,13.66650067759442
88622,4471087175915086080,271.40599686108,4.65571346939,24.111433400604234,-0.0017,-0.0404,43760.0,HD165401,36,6111.1662399997,243.77115509803158,5.233361080865502
94751,4515383166527921152,289.20248269333,18.97602780779,55.82631317445164,0.0,0.0,42920.0,HD180684,24,8379.241429999936,517.3314202115362,1.056518131903609
96395,2142179058450057856,293.98168403475,56.98299541802,23.94693359515314,0.0,-0.0036,41480.0,HD185414,93,6141.135129999835,854.4015550483674,3.2987704484615703
85294,4574156834713113600,261.43953810251,27.30306107511,94.63692543556644,-0.0003,0.0002,41060.0,HD158038,34,5158.759160000365,230.11457010352967,1.1651629472072198
72043,1237374997031931392,221.04844276096,18.46137100123,42.0371187758791,0.0004,0.0006,39520.0,HD129814,29,9092.042220000178,187.99992643398755,2.851715623774837
101911,6914506680631143808,309.77441810937,-4.92944468485,79.03201586962878,0.0,0.0,38550.0,HD196676,4,1527.7500100000761,230.97333942903452,0.25273144120339575
99385,6866310172545095424,302.57948498239,-20.49505780031,15.820932359185791,0.0112,0.0167,38130.0,HIP99385,3,2.0299599999561906,3.64391259500005,9.067236604297383
112745,1988604840567226880,342.48899081392,50.01690025445,52.70842227879593,0.0037,-0.0009,36550.0,HD216175,4,7.114590000361204,8.80088166037926,2.7123808492245907
57271,3480395137355028480,176.1634171455,-29.88469578649,29.150354614063875,-0.0004,0.0004,31980.0,HD102071,13,3986.999940000009,1475.322802956478,1.198600445939545
59496,1575920330941197184,183.02256886213,58.92646618992,26.72303445400832,0.0011,-0.0007,31880.0,HIP59496,7,809.8629100001417,9.364018891988835,1.5212199096591381
98819,1821708351374312064,301.02413519984,17.06835210632,17.77168011686657,0.0058,0.0004,31560.0,HD190406,214,9070.03853000002,269.47112330032223,9.022205751207991
56876,3464805750397179648,174.9012498965,-35.23235581801,81.71937566396993,0.0014,0.002,30330.0,HD101348,11,1070.9792800000869,624.8029575731564,3.77498683051696
40118,902007870203594880,122.9085085875,32.45434246897,21.578930332423422,0.029,0.0133,30170.0,HD68017,200,9048.147239999846,81.44459098500015,12.767937517013273
78380,4349689925295425920,240.01097774303,-7.12282442777,99.38678354552411,-0.0001,-0.0002,29320.0,HD143332,14,355.88770999992266,43.666388894147694,0.5378575642329964
59748,1545795533411708032,183.78526381074,48.73233479997,22.832405576586737,-0.0028,-0.0043,28660.0,HIP59748,9,3564.024269999936,485.21079162689125,3.6429324368645872
108602,1981577552520559616,330.00939339857,54.1074983674,47.233532029058075,0.0,0.0001,25960.0,HD209203,4,7.0973500004038215,1.9186530865861777,0.29066181205152686
22919,3239548665775613056,73.98346699606,4.66957885317,35.887313834559485,-0.0043,0.0059,25240.0,HD31412,40,8706.296029999852,2859.7781572347776,3.7308247383219206
113438,2714977131360438272,344.6249616778,9.82555220757,44.03521055435927,-0.0007,-0.0001,25130.0,HD217165,50,7041.881339999847,1318.481325267194,1.6852063028347704
18320,166737163078935936,58.74939536113,28.18780172551,74.74903013133405,0.0001,-0.0003,25100.0,HD24505,22,5336.1748899999075,1719.2146042839966,0.6611782282452825
99987,2187914378480856448,304.25195862478,56.90435468238,159.1343093570974,0.0001,-0.0003,23950.0,HD193342,10,5523.049920000136,1806.170557227962,1.120687724645261
63458,1516116244238077184,195.04245108151,34.99842134677,115.97968036000094,-0.0006,-0.0003,23030.0,HD112988,21,5172.9211500003,1699.4463625006272,1.3110572367146072
85977,1362034429935121280,263.58026891064,46.94616232983,32.72904604649489,-0.0052,0.0223,22520.0,HIP85977,8,5122.870629999787,521.8021059681911,4.984535474402232
45383,579567598501642368,138.72319447003,4.44291250465,17.878277535229145,0.0012,-0.0004,22350.0,HD79555,3,6247.94261000026,1660.284650947642,1.258051457895862
61901,3934198156329809152,190.2775174918,15.37501704503,14.108491477765723,-0.0053,0.0159,21830.0,HD110315,85,9103.068899999838,124.77647442986958,6.181822401115136
114526,2845296369086334720,347.95402102396,26.84679858572,74.40310112125474,0.0001,-0.0014,21330.0,HD218935,28,3979.8953899997286,1297.7251007859422,3.5454061101442704
74954,1270321278844517888,229.74319717791,25.69118657575,33.98528437186698,-0.0113,-0.0123,20350.0,HD136274,5,3650.932760000229,126.34087657484413,9.445424435530061
38969,5725307305268686336,119.60667855854,-15.02150036941,30.183394303789825,-0.0006,0.0102,18610.0,HIP38969,9,481.7695100000128,60.68198104416536,3.724407047531726
77344,4399192477098054656,236.84315105696,-5.11885892623,104.69450144478411,-0.0004,0.0,18540.0,HD141085,4,412.8510999996215,174.6769392764826,0.613242004913741
85158,5975810379449715968,261.03646372641,-34.79925236633,33.042558815754695,0.0002,-0.0034,18300.0,HD157338,33,8863.818649999797,285.1105242451475,2.870825708043324
10321,333106054183616000,33.22952497485,40.66793054096,26.389053820475265,-0.0008,0.0004,17640.0,HD13507,12,8019.148320000153,98.90797295634631,1.9909788862080144
33109,3050309864100076544,103.43646892814,-9.51560416676,38.84038156790852,-0.0002,0.0,17290.0,HD50639,23,7771.871139999945,757.8672005394675,1.2066772836484796
28902,1107146846976017152,91.52190555191,69.47585673735,32.32448612148188,0.0005,-0.0056,17040.0,HD40647,25,7050.832020000089,1544.8617302399236,3.0452085799223934
102642,2182157988437859968,311.97133245865,52.40644128568,41.52513516431496,0.001,-0.0044,16850.0,HD198387,14,5552.906859999988,1529.9143946692855,2.8544354553632307
43299,5733507394262989056,132.31416570706,-15.56492759169,40.18485031143259,0.0002,-0.0001,16630.0,HD75393,16,4102.876750000287,3176.0839942963303,1.3129081721503768
77790,1597204161635741952,238.26958028054,53.87023595699,29.478959392733437,-0.0028,0.0001,16080.0,HD142626,5,4055.924970000051,21.09382675097148,3.4707713839563215
5315,2538316124224549376,16.99925026488,1.99112656858,46.832923545252314,0.0073,-0.0221,15710.0,HD6734,120,9438.15856999997,87.1917018645507,7.310755927787436
14086,5071514326764428544,45.4081803047,-28.09348359169,31.935821772565852,-0.0044,0.016,14880.0,HD18907,12,4293.270560000092,1346.3644280745943,8.423085714711096
57468,3542169724989044096,176.70341231885,-21.47492487444,78.08717652387125,0.0001,0.0003,14170.0,HD102361,10,1115.8755200002342,7273.650232788013,1.8239692797588374
65846,1665683841757374848,202.46991801413,64.18048060551,182.78194114421495,0.0001,-0.0002,14070.0,HD117623,17,6150.935160000343,1060.5969809296362,0.7213341792464664
117972,2851805787160013952,358.92397943475,25.14404504182,51.6921422774524,0.0021,-0.0014,13230.0,HIP117972,2,3.0154699999839067,477.80195154268677,3.031389910111424
4423,2787850494306538880,14.16803895272,17.95964418609,67.06098525999545,0.0,-0.0002,13150.0,HD5470,29,7701.892530000303,1200.018584216344,1.6266103752316876
29295,2940856402123426176,92.64358790419,-21.86787569907,5.761231520849896,0.0001,0.0133,13040.0,HD42581,57,9083.002270000055,7.619629714549266,11.890607492391707
3850,2348830516542653824,12.36401234598,-23.21191860779,18.849217568978712,-0.0083,0.0052,12980.0,HD4747,69,9405.15310999984,310.26906198774054,8.5343158181999
14729,27775450424210816,47.56431938515,12.04984762206,28.849288432300817,-0.009,0.0045,12780.0,HIP14729,17,3729.8697599996813,120.12854868599892,4.659211452925448
86974,4594497769766809216,266.61321191067,27.71724070689,8.338558830200258,-0.0086,-0.0435,12600.0,HD161797,167,9226.718819999602,505.386175444304,13.45720985402861
115004,2762224039359326336,349.38513901864,9.693258741,34.836408226966164,-0.0015,0.0008,12490.0,HIP115004,14,70.88022000016645,40.12061483271343,1.8973679211735965
4849,2552288133874677760,15.60380152888,5.06253523835,22.492330115430637,-0.0067,-0.0052,12190.0,HD6101,35,8935.711709999945,378.78803989632394,6.417070583239233
86722,4556066746008265344,265.81460781042,21.60639756833,21.860647118876013,0.0059,0.015,12100.0,HD161198,3,390.8694599997252,387.9754681501568,10.379824396084675
115572,2643710842096990336,351.1630478254,-1.74149898414,69.49946485412062,0.0029,-0.0003,11830.0,HD220554,3,323.0161000001244,552.0229216856246,2.5567182068577177
116559,2640924129876538240,354.32275729593,-1.51998431417,62.634664528736785,0.0005,-0.0003,11750.0,HD222038,4,3307.8668399997987,2202.385986888538,1.2316108327673667
110626,1908880970419883904,336.15870265656,39.43108634784,46.3136639202664,0.0018,-0.001,11700.0,HD212585,4,7.066980000119656,32.83074001095112,3.0350075376340335
94423,4293485158653831168,288.27901520524,4.93558120338,70.88830130363586,0.0,0.0,11060.0,HD179596,6,282.1281799999997,44.332928601661315,0.2208576392668008
22729,3413702683319612288,73.34195789638,24.17727273149,99.24868743610867,0.0,0.0,10670.0,HD31018,13,3469.3495200001635,13.046911627877343,0.43534751040491465
111854,2007288291910064512,339.85632001601,57.32228661076,38.42710186640434,0.0034,-0.0021,10630.0,HIP111854,5,1012.1586400000378,443.49954297383437,5.008688678970141
79364,6043470682894375808,242.96294640789,-25.88381195541,123.59411692003462,-0.0003,0.0005,10200.0,HD145428,8,1838.8418700001203,2641.2729509501087,2.2920771986915103
36906,924370390524853120,113.81706360493,40.50639430786,125.5981612429194,0.0,0.0,10030.0,HD60234,3,2452.247560000047,1101.3798067425848,0.1957866785418965
85653,1362295082910131200,262.56957008653,47.40254319193,21.651770248735538,0.0176,0.0058,9819.0,HD159062,82,6868.120280000381,67.88109916806836,3.0040491199647246
81946,1432108161398528000,251.0858965378,59.96347881404,181.9273382211145,0.0,-0.0002,9796.0,HD151522,15,5531.930840000045,1485.1933221857428,0.47651159469250937
103256,1758463038092175232,313.78119506629,13.1785226422,23.60288616091976,0.0274,0.0119,9270.0,HIP103256,25,3995.9768599998206,1744.5681811125237,11.029523216732057
49350,3773112865272176512,151.11220789053,-7.21933360183,31.301549739727616,0.0002,0.0001,8954.0,HD87359,69,8737.963740000036,118.09289329202062,3.9565773732054295
65312,6193336248058440832,200.79057694272,-24.73408496798,105.66133429132942,-0.0006,0.0004,8917.0,HD116321,33,6466.193889999762,157.9497737417322,1.7825234644849486
8486,2461045711199481472,27.34655595055,-10.70395461818,23.923444976076556,-0.0008,0.0,8717.0,HD11131,15,4670.157120000105,2132.273353495763,2.8310624764513785
101597,1754663916181432704,308.85963170449,11.35877611829,40.9782323629688,0.0011,0.0041,8406.0,HD196201,27,8382.140739999712,654.9423862653288,6.042382760019856
62345,3529518709839090176,191.62722964121,-11.81223453349,31.219755861509164,-0.0044,0.0017,8191.0,HD111031,92,8719.031640000176,42.07047973426485,4.568029114980637
4696,2784702111479778560,15.08834153249,17.22618496596,91.8982502573151,0.0001,-0.0002,8012.0,HD5873,5,2992.9028599997982,2650.0028628118125,0.7537790607752269
64150,3729017810434416128,197.21297766457,5.20420674762,26.40773007074631,-0.0024,0.0162,7756.0,HD114174,66,8045.934060000349,299.60564191708755,11.00716993732234
4041,563920276727925376,12.96237476195,78.62579430747,42.31120739261416,-0.0002,-0.0097,7511.0,HD4741,10,4046.9928500000387,2031.8020816063315,2.934719558633726
75676,1391009653702531072,231.91775798413,42.88015964604,32.194091740283824,0.0002,-0.0031,6909.0,HD138004,21,7262.005720000248,3634.8034490879913,4.181236310554863
39064,670853314448533888,119.89224806024,20.84148129441,23.98829371266822,0.0028,-0.0166,6870.0,HD65430,62,8315.22256999975,682.0946396878201,9.245518450359523
108921,2197988653786178176,330.95083578791,55.84952590969,70.28789923526766,0.0006,0.0003,6341.0,HD209706,5,6231.878820000216,2191.138985580833,1.2687114194552427
20741,3313689422030650496,66.6676790633,16.74677431835,45.76219219205477,-0.0024,0.0005,6294.0,HD28099,3,4618.301199999638,124.61236187607284,1.8116628495732925
473,386653851004022144,1.42675635644,45.81135867264,11.520697509109992,-0.0111,-0.0494,6209.0,HD38A,29,7337.929590000305,10.663735470727657,14.871332589735484
26196,3442723120208243072,83.75456538616,28.09728549409,32.789680431774514,-0.0065,0.0052,5851.0,HIP26196,9,1603.343299999833,597.5118829639383,5.451994523966625
50316,741184091114529792,154.11667380268,28.68204448914,33.34845129792173,0.0017,0.002,5837.0,HD88986,75,9178.811410000082,13.35172033888996,1.9026254216270844
55915,3812756203689026048,171.91027675079,3.97669258416,28.72580927786188,-0.0002,0.0,5684.0,HIP55915,4,752.0292200003751,73.80987522626404,1.588636231344884
53541,732983005681390592,164.29936619845,28.93725094664,27.47298032385149,0.0079,-0.0091,5460.0,HIP53541,6,4965.6566300000995,1183.5660310719327,6.353568699876477
116838,2826159850241446784,355.21539264656,20.3661176195,25.376781767289835,0.0042,-0.0001,5307.0,HIP116838,13,3754.954490000382,120.47041038075571,3.612001277100946
95703,2125809426261599616,291.98892234187,42.77735780318,89.5543774179682,0.0015,0.0019,5234.0,HD183473,25,5580.642969999928,102.31951107571486,2.8121572111042257
104367,6808014821953109504,317.15419427349,-21.68311634266,86.03260635780961,0.0003,0.0,5192.0,HD201203,24,6679.953799999785,354.3554598390193,1.00946253018929
80315,4358441419374546304,245.95776710474,-2.97511585524,41.66145898429363,-0.001,-0.0013,5168.0,HD147752,3,1.8439400000497699,3.3870592456190267,1.128977446368598
54406,3536409383570998144,166.99620577816,-23.85850206308,158.11026609957784,0.0001,0.0,5127.0,HD96683,11,2256.8906600000337,421.31389615448563,0.4698996178302637
72360,1591677019762324224,221.94334244411,49.55948610995,104.01173252342865,-0.0005,-0.0009,5075.0,HD130666,7,1060.1996700000018,229.11792947041386,1.301309356725795
51579,3890713708401628800,158.02300396415,17.98965178448,56.23348141483439,0.0001,-0.0001,5071.0,HD91204,29,8393.960390000138,1187.0518342917865,0.41710493778281504
77052,4423865487962417024,236.0073924582,2.51458255692,14.792746228959167,0.0014,0.0044,4965.0,HD140538A,223,7521.550820000004,11.25604030790411,2.206018339909379
76543,1165262633571848064,234.49729758215,10.23832565463,47.32450888990899,-0.0031,0.0069,4783.0,HD139457,24,8075.950729999691,168.65468677433566,5.942548448336254
44766,1037703444910272512,136.85909096425,58.8746252856,110.21955735825765,0.0,-0.001,4746.0,HD77818,12,5679.370170000009,32.89846190380887,1.5824940931607137
81662,4564397470723536512,250.23471701458,21.948185581,47.432479864912295,-0.0009,-0.0001,4735.0,HD150554,28,7274.995490000118,572.9705296467223,1.5120395387620904
68513,1483085742413652224,210.39216008818,36.22401327497,109.84424086645137,0.0002,-0.0012,4610.0,HD122517,9,1246.6018099999055,2009.8957308187103,2.68388847399434
104239,6885342959337741184,316.79502255366,-13.92315393188,17.38404839719074,0.0188,-0.0003,4553.0,HD200968,44,8061.9952799999155,60.64165299733733,6.2318574507672775
28267,3022685626580347392,89.59006977023,-4.65158561938,24.0751529975973,-0.0112,0.0306,4514.0,HD40397,92,8607.374850000255,66.40549363535077,3.501411549398603
102815,1843877121426321920,312.44395225386,25.77089649623,47.89524352336569,0.0006,-0.0002,4403.0,HD198483,4,406.73139999993145,928.7610447429414,1.1112299438841915
117946,2847644410526748416,358.86182142166,22.19263780455,25.474137382022903,0.0016,-0.0027,4263.0,HIP117946,19,4990.272750000004,26.820830698592708,4.046469227478171
1444,2423292879948720000,4.49710455061,-13.45564190749,26.923915706604706,-0.0109,0.0023,4141.0,HD1388,53,8815.87948999973,138.2449203361359,6.367695232156924
38216,5712673641791603968,117.43844311536,-20.20818653484,50.1713351093986,0.0007,0.0029,4059.0,HD63754,36,9128.143699999899,23.332397135827435,2.0643560290502982
55427,3817499634290280832,170.26061119809,7.06422302159,107.6368333243636,-0.0001,0.0001,4016.0,HD98630,29,5613.612269999925,1841.297429426707,0.8574532662957217
70776,6273218997632055168,217.1240620275,-22.97493490503,91.41854150858876,0.0001,0.0002,3832.0,HD126831,6,293.0661700000055,216.64300724963792,0.6665136657808375
54908,842375204236601216,168.63938963231,52.94672534118,119.98032322699078,0.0004,-0.0005,3797.0,HD97601,15,5172.947059999686,1857.0956885625956,0.7347631256272488
5176,2584834502690477312,16.55339028212,13.25269578145,54.66273095003826,-0.0008,-0.0003,3492.0,HD6512,9,5378.117130000144,50.685138995019486,2.6709048005684237
82059,4563055963458318208,251.43202615499,19.64287610712,59.213642823306486,-0.001,0.0002,3447.0,HD151329,8,644.218039999716,7883.839625327984,2.1745338481116927
63510,3737308025029348608,195.19115786919,12.37559564212,11.507347441341297,-0.0172,-0.0061,3393.0,HIP63510,67,6950.9681900003925,940.219986231549,9.959639369488434
5476,404047781359072640,17.52939089343,51.74264365163,91.86110600771634,-0.0006,-0.0006,3212.0,HD6872B,33,6971.928109999746,2749.378356674927,1.1447372868126355
64194,1556555732153431680,197.3438884384,51.15489963168,123.73481155188202,-0.0005,-0.0004,3173.0,HD114375,7,5960.692989999894,1956.85738357797,1.0338830874921052
63257,3524996177995941632,194.43152190755,-14.46342180371,25.317865805184088,-0.0035,0.002,3143.0,HIP63257,4,351.04839999973774,136.37847743045822,5.8061461855969805
49769,5446332686714616448,152.37996684128,-35.85669612917,31.73223074408908,0.0131,0.008,3041.0,HD88218,44,8072.932610000018,210.59560907403994,7.009224416660314
109169,2301133839569478144,331.70959721246,85.40971939246,72.28724057916537,0.0066,-0.0052,2907.0,HD211681,22,7645.0212600003,430.15514532710785,1.918567711742128
14563,5159658909787243648,47.00597529175,-12.04112444112,98.8982732361493,-0.0022,-0.0004,2812.0,HD19522,11,2123.196690000128,233.22394574976843,2.503431559789532
63762,1728599752525089408,196.02211550292,87.11622913306,25.39843799606324,-0.0254,-0.002,2789.0,HIP63762,7,4382.881180000026,422.3462081159303,3.269690230401839
72944,1187851653287128576,223.62312578551,16.10052739893,9.947843456756228,0.0051,-0.0037,2764.0,GL569A,19,6429.285960000008,12.414794133146994,4.907752794885864
69237,6173235320077516928,212.61905722936,-29.13471963583,65.42104987700843,0.0004,0.0013,2599.0,HD123812,9,2480.1853799996898,116.53826144459072,2.2935192305205314
13460,464891250151058816,43.32833520154,60.85286084764,39.71784443314692,0.004,-0.0054,2553.0,HIP13460,2,1.0414999998174608,279.5087040013244,2.4149340583064407
81952,4352989044290732288,251.1110274994,-5.68730754605,74.69598733156054,-0.0004,-0.0003,2445.0,HD150936,4,412.9056700002402,526.7651891829192,0.5675505078192848
66740,3740787395214863360,205.19143619944,14.13554895413,77.4191550473418,-0.0001,0.0,2404.0,HD119058,4,8.987250000238419,21.99192810252586,0.16205381511605937
89620,4052127925286198400,274.3496605883,-28.28963721597,30.86429279102713,-0.0002,0.0015,2388.0,HD167665,30,8807.80560999969,396.34508398950567,3.253327279236051
6512,319946961581873280,20.90746643964,34.24642742721,55.37895821103813,0.0004,-0.0029,2361.0,HD8375,23,3307.9964299998246,3863.9691191516804,4.461829267211583
90365,4478524169500496000,276.59052139446,8.61363659098,35.36142916752124,-0.0016,-0.0062,2346.0,HD169889,8,4736.054960000329,170.2412934186042,8.305686975222146
83458,4443306468450589184,255.85623385854,9.02436334031,83.88909861163542,-0.0001,-0.0003,2230.0,HD154144,24,1351.1117400000803,44.11846336942969,0.7700623430683292
103785,6912280135225070464,315.46874147438,-4.66615440412,116.3724383517008,0.0,0.0,2218.0,HD200156,4,405.9987900000997,55.52873398745914,0.8628489740866774
64797,3936909723803146368,199.21564810709,17.01601850959,10.98688605280737,-0.0142,-0.0027,2205.0,HD115404A,36,7637.992519999854,36.56156444278565,10.92800528891967
46199,819208081922477568,141.29350071037,46.0983512981,27.980793983010063,-0.0001,-0.0032,2181.0,HIP46199,4,1065.267769999802,191.46797479539495,3.5558011353667713
57858,3911652051927377792,177.98985460161,8.82975600981,95.83776583000297,0.0,0.0,2150.0,HD103047,5,1188.8024600003846,120.79925156763183,0.8269106661059841
94931,2101486923385239808,289.75285517948,41.63174235397,36.552646777153136,0.0048,-0.0547,2103.0,HIP94931,199,3569.234569999855,20.315727131534096,10.422665331823858
42214,5643762781311698048,129.09495987159,-30.03732333188,36.70519488623225,0.0042,-0.0002,2040.0,HD73256,19,5544.7775799999945,166.97186391087374,3.1300436185715093
70623,3641697998570813952,216.70049287466,-5.17842344222,73.18876113384029,-0.0019,-0.0015,1977.0,HD126614,104,8154.652650000062,62.954411671479164,3.3379185103594975
5189,2533207140366790272,16.60747015979,-0.74960712555,81.87258987563554,-0.0002,0.0001,1968.0,HD6558,30,7055.701140000019,134.66185641157873,1.2572302013302465
20802,4891193148499627520,66.86104348737,-29.19613934091,91.4026653017202,-0.0004,-0.0009,1943.0,HD28388,14,6168.078929999843,2714.5117640013004,1.974434615590028
22938,3288709273762668544,74.03700722295,7.90448648415,60.00240009600384,-0.0009,-0.0005,1938.0,HD31423,24,2552.0022599999793,619.5153751589243,1.535636248062019
23516,2960883628470038400,75.84268620971,-23.24957518663,24.104982017683415,-0.0396,-0.0182,1901.0,HIP23516,4,1418.14925999986,9438.01916235384,5.630683370255107
28029,3343712755261231616,88.91280192151,13.0018514988,141.00195992724298,-0.0002,0.0,1885.0,HD39828,20,5145.910860000178,247.5338813786275,0.5040593025362837
79619,1653185486926274048,243.70930274652,70.92837607543,40.13549743935526,0.0002,-0.0031,1879.0,HD147231,40,8102.653849999886,194.45185239196368,4.6460182298299655
71254,1281025127618664832,218.57261720038,28.48551501507,118.4567455193736,-0.0004,0.0006,1858.0,HD128095,14,5203.812140000053,1011.0871361996566,1.912883383686971
96561,2078276439080325888,294.4658689859,43.62449713825,42.447163892744506,-0.0008,0.0006,1858.0,HIP96561,8,1173.070850000251,7.32372506579034,3.507066929969453
71142,1172180451495588736,218.24176862222,6.93282288332,103.260981805415,0.0001,0.0001,1813.0,HD127741,7,1883.8647700003348,40.181055630969276,0.7878915857388927
78193,6250226147909726464,239.49043619469,-17.09048167718,68.71293795908832,-0.0005,-0.0006,1727.0,HD142943,6,208.21973000001162,36.722217762094196,2.007972492903862
58093,3602296587073060224,178.71706962679,-1.45280407819,59.211889747461285,-0.001,0.0025,1701.0,HD103459,35,5099.049600000028,1537.2963687235958,5.071643450446046
95319,2046207670631964928,290.89215803221,33.22268885935,15.607855745954053,0.0034,0.0054,1700.0,HD182488,273,5832.25139999995,12.31888351271925,2.9147333876802213
99140,6865920120795274112,301.91432348567,-20.83288172593,94.18235587744992,0.0001,0.0,1651.0,HD190821,14,1445.0511900000274,117.70134089671458,0.8300646268822289
69513,1486147233756849792,213.44847482386,41.18759865945,210.41999831664003,0.0,0.0,1625.0,HD124641,12,5200.820910000242,1434.219781885629,0.16710765722949036
76201,6238016964640649600,233.4780656383,-25.11056554651,80.63215610385423,-0.0006,-0.0001,1540.0,HD138600,11,379.9448600001633,150.7257641115148,0.7734501828040038
101184,2188328963083011968,307.64375941714,58.28670146456,125.4736630781199,0.0001,-0.0001,1505.0,HD195787,7,1938.8994499999098,3657.7473101769824,1.771108268936247
33553,941162613140755200,104.59491079302,37.98784512766,166.55285554870838,0.0001,0.0,1501.0,HD51272,11,1673.6838400000706,3439.299879430099,0.7484339153183975
42109,1027292203666419328,128.75446031562,50.47195344869,146.23945247948993,0.0,-0.0001,1475.0,HD72440,10,2398.3873600000516,119.97087649041237,0.2283057484562114
105521,1738397638078725248,320.57945329295,5.02358579851,72.77914440837834,0.0039,-0.0002,1436.0,HD203473,55,6218.810200000182,576.5073070859521,2.9121181737677384
6712,2482274463233174016,21.57948436586,-4.67456056977,45.92401412622675,-0.0014,-0.0014,1396.0,HD8765,39,6610.116349999793,339.64608575044184,2.5114026435585632
38730,3152158382088366720,118.93921397218,13.33165680008,161.62399793121284,0.0,0.0001,1322.0,HD64730,17,5312.681299999822,1130.4764095721403,0.8394957619225236
1055,2798587122272590080,3.28929394278,20.38242934438,41.577794131710135,0.005,-0.0012,1267.0,HIP1055,5,3671.0833399998955,111.75794501063447,3.662853533679357
104587,2164004914017788032,317.79369852829,45.45456460797,31.359267447512426,-0.0053,-0.0156,1266.0,HD201924,10,6896.119290000293,59.74623267611849,6.206514203354677
81375,4383374219923745024,249.285530842,0.25468769396,20.32371615085075,-0.0012,-0.001,1251.0,HD149806,53,5902.7920499998145,12.147551658327169,1.9459901572427816
83770,4367462362525377664,256.81055499634,-2.86733660817,34.01823377330249,0.003,-0.0022,1210.0,HD154697,4,405.8544199997559,136.91402143285643,2.3375976063521717
18267,43499295632961152,58.61780602743,16.61532840401,20.47124813199861,-0.0056,0.003,1143.0,HD24496,218,8748.989860000089,30.40477090227652,4.326491422563948
6339,310361075612875392,20.37046110023,31.34080894555,29.07745944421344,-0.0128,-0.0098,1126.0,HIP6339,5,4050.9966199998744,4236.037540603576,9.297544891622032
89270,4589331164627790464,273.24749238652,28.25810059945,81.15894980318954,-0.0001,0.0014,1115.0,HD167215,32,7207.204100000206,1952.3258750053194,1.784457029063685
70950,1480314599451475712,217.68481964902,35.45462487114,22.503111055103368,-0.0146,-0.0055,1099.0,HD127506,37,2782.281740000006,376.72159704020294,8.236428061216865
101345,6904703228801028864,308.10012907925,-9.85289569917,24.73771834128651,-0.0033,-0.0001,1054.0,HD195564,57,7936.3037299998105,123.91294164679756,5.27226623084523
19428,169149766470219520,62.41223282401,31.65243367387,40.9063204355705,-0.0004,-0.0007,1046.0,HD26161,72,8815.979420000222,89.20706645165843,1.4878121766216517
2902,2347327930823092224,9.19504011517,-24.50121992931,79.22549159417535,0.0,0.0001,1019.0,HD3404,14,6405.3997199996375,1736.7955783419277,1.043835105962665
79248,1385293808145621504,242.60212543564,43.81632374589,17.900071063282123,0.0003,-0.0069,1009.0,HD145675,284,9125.99199999962,64.85363482597934,5.187886951866669
61100,1571145907856592768,187.82967493871,55.11884674612,25.78342950552539,0.0008,-0.0011,1003.0,HD109011,4,1061.1855899998918,4136.7057832495475,1.638665493197041
87222,4552637128714041088,267.29892693931,20.19744063022,104.6156421308114,-0.0002,0.0002,1000.0,HD162231,10,1760.963649999816,3494.4870321279614,0.9065913429906635
111148,1982946891164168576,337.77274505682,45.14525210684,40.95524001818413,-0.0037,-0.0012,967.3,HD213519,36,8792.991080000065,22.022484790748074,2.860754580173906
95401,4293027864900081536,291.09582574595,5.56454606602,95.66265521265808,0.0,0.0001,917.5,HD182407,17,3680.8134400001727,344.9682586421795,0.31899912163780836
113026,2609889349030557696,343.35585285741,-9.09273025419,35.38320005661312,0.0031,0.0008,910.6,HIP113026,3,2.0221199998632073,4.6516272779892125,3.9721556394149693
83020,1408029509584967168,254.47062131132,47.36789864192,17.936962339553872,-0.004,0.0013,875.6,HD153557,39,9109.952180000022,20.064933847712787,4.9558663637386
58983,1575435583752131712,181.39747872535,56.9785257342,124.77229056971028,0.0002,-0.0003,838.2,HD238069,3,3.1261800001375377,3.2866503211223024,1.2929466129791505
110486,1902165222113655040,335.70813891202,33.59571843244,98.49790691947796,0.0,-0.0001,807.1,HD212315,10,2277.9568900000304,273.46199607176777,0.5022845264588416
75390,1387596769609827840,231.07632704374,38.18721168906,105.99395834437438,0.0004,-0.001,769.9,HD137368,7,1214.6118700001389,430.6479615507422,2.6791612506581814
114796,1992253054507464448,348.8070434369,52.35200810072,57.662810946708035,0.0007,-0.0024,749.6,HD219428,33,4818.892280000262,211.6204452518224,2.896310008498338
48537,1046355398829622400,148.49178985299,57.68328846511,75.39033345144486,-0.0002,-0.0004,747.2,HD85472,13,4292.203859999776,111.88955673799785,1.6010147540381232
10446,107853161448699008,33.65906498124,28.69073731905,64.99330568951397,-0.0017,-0.0001,732.9,HD13747,26,4693.025300000329,32.42338323762414,3.028722814390109
49699,747266452000257280,152.17940392042,34.24198419413,18.292303696142884,0.001,0.0006,713.6,HD87883,72,5656.718959999736,24.674913921234747,1.4432308993248535
27706,3457728056610682880,87.99892813881,37.83177121902,64.62286098330145,-0.0004,0.0006,692.4,HD39094,14,4408.008839999791,218.40124912324427,2.55366800026916
98677,1807953155988203264,300.6415849904,15.58951465566,19.261624872150964,0.0058,0.0151,679.7,HD190067,137,9483.142390000168,22.44650861483632,9.555790796431046
55507,788340461203094912,170.5226741862,46.90779661671,25.433190822687422,0.0006,-0.0032,673.9,HIP55507,27,4664.033330000006,85.80518472825936,3.821761116928225
82389,4559848344443069952,252.52180154023,18.90009293301,27.417015548189518,-0.0002,-0.0004,654.0,HD151995,30,9434.133729999885,23.313055181297173,1.383084966414368
38931,3083867749248355456,119.49007502291,-0.81437744206,17.654993185172632,-0.001,0.0001,645.3,HD65277,77,9083.144700000063,14.500365239737329,2.496285877523109
59367,3582056983187698944,182.70096866727,-9.39741035325,110.32169807157673,-0.0003,-0.0004,637.2,HD105811,8,1187.7955999998376,768.5060574701321,0.8628985851753027
42030,3073443760538892032,128.51279116342,-1.56864950009,51.92593284938364,-0.001,-0.0008,625.6,HD72659,68,8707.206579999998,28.122904376844033,2.3783338869022583
15969,5060697056494141312,51.40240045744,-27.27248358181,138.2628653596217,-0.0003,0.0001,616.8,HD21340,11,5435.197629999835,1217.2672421308166,1.1451855372466715
98878,4237555510387302400,301.19418620909,1.15591535281,34.082698259055775,-0.0012,-0.0013,581.2,HD190412,6,4396.882749999873,2363.560271584092,0.6510822349756827
90376,2294149672988951680,276.62047271646,79.42486198417,25.206949051714577,0.0027,0.0084,546.1,HIP90376,3,2.058869999833405,6.215774958388804,5.817435357427526
59617,4013690029519735808,183.39435032359,30.56239003965,346.860908775581,0.0,0.0,537.7,HD106279,13,4992.32928000018,637.7713454079761,0.24050206737139412
93377,4507727026545686400,285.27498141061,15.68369006613,37.86702615096826,0.0072,-0.0016,534.5,HD176733,6,6322.890269999858,9692.937003069594,5.259310662469405
1294,2860850090635965312,4.04926289999,30.53279490592,39.855881133820105,0.0004,-0.0013,501.1,HIP1294,6,88.83912000013515,495.31349978806355,3.179481264964874
74705,6211107998098215168,229.01334543302,-30.73071444029,119.55001374825159,-0.0004,0.0002,499.9,HD135446,10,592.3724799999036,250.23702846088412,1.870725587417816
13081,114832620743735808,42.03953822923,27.06812039041,22.951361474762685,-0.0042,-0.001,483.7,HD17382,39,9467.855059999973,1766.6548797497337,4.87530952407868
14721,58892527139090560,47.54203431217,18.34529469192,65.92305461065844,0.0015,-0.0011,450.6,HD19617,6,4405.945109999739,67.6562065672224,2.8033669458028196
89844,4157584215800708736,275.01597353927,-9.59674797864,39.075779659493655,-0.0031,-0.0071,442.4,HD168443,145,9140.99589999998,317.06779393397824,3.962297751129675
21654,3309170875916905856,69.73925629058,14.10547702702,54.3750135937534,-0.0018,0.0003,431.4,HD29461,29,8133.928359999787,569.712262547514,1.4965346158218227
79492,4464207428579939840,243.32767987848,13.52504743936,24.313921908545613,-0.0045,0.0075,428.7,HD145958A,119,9237.85697000008,35.19069911370791,7.246445363188725
74517,1613032421791513984,228.40827821451,57.19182058265,199.7842330283294,0.0,-0.0001,392.4,HD238433,11,1898.7898800000548,3963.677365289064,0.6888611819220373
118310,2745473254589480960,359.948850291,6.66344432917,23.023066810637577,0.0005,0.0011,384.4,HIP118310,4,664.2485400000587,11.159211232579718,2.727641286271084
72531,6327034181936324608,222.44181228277,-9.20253787189,78.99393326592518,-0.0007,0.0,375.7,HD130672,4,412.91130999987945,242.25442820084152,1.0882671408121602
6873,2566590993445448064,22.11507799034,7.95814954,123.01333464547555,-0.0001,-0.0001,350.6,HD8956,3,193.315700000152,10674.130959242646,1.8344688649738323
113789,2013333544271181824,345.65265288862,58.87543305794,61.89957413092998,0.0003,0.0003,342.4,HD217850,32,6195.056640000083,152.28258068035342,1.8597430456922353
95015,4201307051566729984,289.99984759171,-9.32501908741,48.229960451432426,-0.0033,-0.0075,339.8,HD181234,31,8069.82518000016,43.87601792355315,5.487002802846879
79431,6245870673116518784,243.17425449692,-18.87644824103,14.575134819997086,0.0005,-0.0017,331.0,HIP79431,28,3794.6690099998377,109.88318447670117,3.452955510991935
103983,1732831875859320576,316.02342826731,3.97992499726,81.4637404891083,0.0,0.0,305.2,HD200565,31,7401.833509999793,342.7855947121923,2.8074016332890332
25033,3338781887987972352,80.41220669939,10.32704511727,117.3213196302032,0.0,0.0,303.3,HD34957,24,4021.1218900000677,178.9396270200035,0.28941577361840815
7636,303015685104883200,24.60233092516,29.56568168855,66.28838097258313,-0.0044,-0.0048,300.5,HD10015,4,104.02828000020236,5438.528126878471,7.622900363203718
58172,3494125048288527104,178.96391471499,-21.66001160166,83.78647853809352,0.0,0.0004,298.8,HD103616,4,2193.9958000001498,1856.9345596472294,2.122957499665553
39417,3083043390405346432,120.86915724779,-1.16361027699,53.28757706715833,0.0014,0.0043,273.6,HD66428,73,7657.992459999863,27.301222321042392,3.404445910831959
6653,2559181861327324928,21.334083002,1.46058007513,39.80860024999801,-0.0001,0.0,262.1,HD8648,62,8098.964300000109,39.49073981843998,1.485444983925039
78850,4349558155699059968,241.43642640894,-7.08476783266,134.11477542480856,0.0,0.0,248.4,HD144363,7,2275.9574400000274,4279.526726010849,0.3821916527234379
10990,5145734282215995008,35.41112975406,-15.76818086562,105.99283488436183,0.0,0.0,233.5,HD14655,50,5695.318089999724,15.083446543851457,0.8691480431597444
10310,73341759195384960,33.21047302389,11.85690086832,139.4447310808361,0.0,0.0001,228.5,HD13584,7,589.204069999978,703.0016371677746,1.1906218104737198
84801,4361365433110271232,259.99834361339,-5.91839554635,48.00883362538707,0.0009,-0.0035,224.1,HD156826,33,9198.914809999987,67.0566033283777,3.283817909192904
106824,6592695123423391616,324.53513444148,-31.73786459631,92.92903009971285,0.0,0.0002,221.2,HD205739,3,35.07192000001669,10.371425986815892,1.4204955966590096
22505,3404812685132622592,72.64131359509,15.08334335696,48.77335024142808,-0.0019,0.0003,220.6,HD30712,8,1796.0022699995898,559.0181164649317,1.409721235175504
100970,1815418118373631360,307.07932521846,18.76923912722,37.528380838008744,0.0214,-0.0061,219.8,HD195019,63,8681.278470000252,213.900069898117,5.774093763111272
57058,3897232781562753408,175.45760955225,5.13863734927,31.484163465776714,-0.0041,0.0069,218.2,HIP57058,5,1538.7759899999946,1144.9330969752336,8.315385139312164
71462,3647995103525472000,219.22212402846,-4.27897313904,56.08493502560277,-0.0067,0.0006,212.8,HD128428,52,2652.815760000143,28.322382870464157,5.672159618076279
68458,3619480064028850688,210.225435535,-6.74660503894,90.98353198071149,-0.0003,0.0007,187.5,HD122255,7,289.14752000011504,673.3023833580062,1.6368225744595724
108940,2683284082351171840,331.07400807026,2.6060546491,36.608715070709735,0.0021,0.0004,184.4,HIP108940,5,1734.3083699997514,1050.7271931928856,2.195801764739892
30687,3369751870665745408,96.72906127409,17.45155256932,124.06486110938799,0.0005,0.0,183.8,HD45210,13,1618.7294899998233,731.4754767244817,0.8508635978478901
62659,3498621058708991616,192.58370169395,-24.21823713676,72.0632427017951,-0.0003,0.0015,183.2,HD111563,3,8.982179999817163,1548.4988107991344,1.5659272757153062
103131,1870003716741503104,313.42355591251,36.12958331382,56.11231440852009,-0.0003,-0.0011,176.3,HD199100,4,406.69931000005454,7378.302803676331,1.8571466389389844
41844,1027330446055197952,127.97874006449,50.61517917681,41.640641265875495,0.0027,0.0023,175.6,HD71881,29,8730.981560000218,95.96915611486335,5.600547136738979
13642,116037204451525376,43.91407602391,26.87236087822,22.506099152870426,-0.0112,0.0048,171.6,HD18143,93,9586.66247999994,27.948752710671744,5.259124987667215
82803,4565244438273756928,253.84405687525,21.49237826385,112.17175739492312,0.0001,0.0,170.6,HD152878,6,17.97550000017509,128.13329857990337,0.38526765126451046
84171,1631084478574318976,258.09666824484,63.35281335975,36.13291130092934,-0.0001,0.0023,170.5,HD156279,83,6616.800919999834,324.85470151788905,2.5970378712142743
1306,2361098626765256064,4.0978658008,-22.58815996541,101.63531217286133,0.0,0.0001,159.2,HD1205,18,5369.2805300001055,462.16868422608565,0.6191256347232006
82265,4130605425932372992,252.13384954331,-19.28930672362,38.27326344635428,-0.0058,-0.0173,159.0,HD151504,29,5876.93330000015,5.030076500020563,5.769411148866769
27207,3456337827237371264,86.51058813115,37.28226768,20.896414384255806,0.0057,-0.0301,154.1,HD38230,114,9475.881039999891,22.897961158985197,11.606927198203099
4552,362706006713454208,14.55944903517,33.95055464704,58.58333772708366,0.0003,-0.0008,148.7,HD5608,15,4552.59867000021,43.0076892596794,1.3338009721843074
55459,856774374153131008,170.3714780295,58.48449005619,41.01033050225352,-0.0001,-0.0003,147.3,HD98618,25,8793.900859999936,22.998214279011606,0.8136669650734939
109029,2206026908408317440,331.3080916447,63.57841312471,196.54474341083747,0.0,-0.0001,137.7,HD210011,17,6658.8917000000365,186.7533163818848,0.3722437756389701
19911,3297396274614449920,64.06834390678,7.15921826018,40.29869391933008,-0.001,-0.0006,130.6,HD26990,33,7028.981540000066,5015.361353655449,1.7444172736254644
102975,6902043304013796992,312.94708034209,-10.31726431178,248.98538455792644,0.0,0.0,123.4,HD198599,13,2901.0954599999823,1052.7165536741793,0.0593441895973563
10416,2493069773336748928,33.55649099543,-3.63618452739,22.7390556924952,-0.0001,-0.0022,122.4,HIP10416,33,3286.882250000257,15.918838456643503,3.5357656891955784
726,4996584567835662848,2.24931987795,-39.73724167245,55.310652278522326,0.0011,0.0005,119.4,HD457,6,589.3427400002256,5.319622420811462,1.8539840030641812
42723,582221750852254080,130.60478475258,4.5772025601,57.391444083516035,-0.0001,0.0004,112.9,HD74156,109,7527.217430000193,95.92848337957521,3.2406469699581466
12685,463953194934419968,40.74419954575,58.19783132003,49.28779141406673,0.0,-0.0001,112.5,HD16702,16,1816.9999000001699,1885.964421394246,0.38202678050246475
51525,830239138487431808,157.84731576669,45.52335347174,15.99483047079184,0.0387,-0.0005,111.8,GL397,47,8449.784539999906,17.535372169636425,13.271672393508295
91605,2090051761936884864,280.22911984457,31.52932746796,23.954907282531362,-0.0052,0.0252,111.4,HIP91605,32,1803.0377699998207,3.280026455286456,13.581528944730294
71803,6338012874258879744,220.31753944158,-4.94554282381,54.16472576399346,-0.0001,0.0009,103.7,HD129191,14,7034.6947599998675,64.07857804602955,2.4570367893210854
70434,6299562226785400576,216.12797470333,-14.79082862626,81.1773969655889,-0.0004,-0.0003,101.9,HD126203,17,5145.962660000194,295.1441724511265,0.867588523036245
62039,3681795018676501120,190.74620583893,-4.05012941764,44.982434359382665,0.0043,0.0038,96.42,HD110537,68,7694.936990000308,28.84975299493852,4.545885994029011
58558,3600638179941831936,180.11392046791,-4.54943576258,41.95352388623883,0.0027,0.0038,93.23,HD104263,2,0.9916200004518032,1.1518769465528857,2.8433115884171074
95696,4296383402592198016,291.96615238083,8.97001153592,61.89727528194209,0.0036,0.0028,92.66,HD183162,6,1436.9740599999204,1187.3068601273499,1.9412882034752121
111928,1889143121789650176,340.08321419362,31.78751681111,101.21969735310492,0.0008,-0.0004,91.87,HD214823,38,6195.080899999943,188.9963683439405,1.3156693557121701
87691,1349885513642697344,268.66717156868,45.55424539934,63.48642025470752,0.0006,0.0003,91.24,HD163589,4,823.8259600000456,3.6884933125419472,0.7575822645240203
79607,1328866562170960512,243.66880102131,33.85821851687,22.697611076434207,-0.0027,-0.0042,88.93,HD146362B,100,9087.045659999829,37.57433251753761,2.936082204853719
95740,4296208099222829568,292.10229621287,8.35791659938,54.518195447730676,-0.0004,-0.0007,87.68,HD183263,102,7312.126730000135,70.25602679952034,0.5876454327055708
49756,3835743693290897152,152.34671451863,2.37105254246,35.94781814717756,-0.0025,-0.0002,84.57,HD88072,33,8737.953230000101,10.626352240777441,3.263433897275026
63618,6187271616797377152,195.5854245502,-26.78801846045,17.56213042691783,0.0015,0.0038,82.76,HD113194,7,737.9072099998593,22656.6785763792,4.120696664290543
40687,1090159839002347136,124.5936089019,61.46085899283,60.38720274399449,0.0042,-0.0009,82.38,HD68988,65,7958.075939999893,154.43056978000163,2.1597399871426735
52498,829777377964973952,161.00085150553,46.20635740146,36.67961457061009,0.0021,-0.0044,81.8,HD92855,18,7137.570830000099,12048.437925626995,4.418155529015428
45839,5746426720312132608,140.18300928212,-5.75450740768,24.146074089813737,0.0139,0.0054,79.18,HIP45839,5,1520.0271499999799,27.269543844736386,6.2027525727276185
25486,3009908378049913216,81.76992503311,-11.90118524053,26.842827193931374,-0.0003,0.001,77.25,HD35850,33,7411.703780000098,225.7589758168207,0.8464951212017086
60074,3946438125929224320,184.77628807509,16.54764825695,27.469659760794205,0.0007,-0.0003,72.08,HD107146,22,6962.969510000199,23.968726012455758,3.6233235283613108
113177,1985832181476519936,343.76730620499,49.47324900143,77.62227448788705,0.0008,-0.0008,71.39,HD216783,3,153.77570000011474,6962.864780414811,1.601118918481379
8770,5137855525488932864,28.21066352279,-19.5074102459,51.19226791985339,0.0001,-0.0003,70.73,HD11506,149,6427.3973000003025,61.73202388441474,1.6074460650872617
84491,4114986042975604224,259.09922768719,-21.85870314894,56.93204591000182,-0.0035,-0.0077,68.09,HD156079,6,1057.9560500001535,6.318100463483203,2.9250513149327033
91085,4048636941542753152,278.68183188138,-28.07281695874,44.482204893932185,0.0003,0.0014,66.55,HD171238,10,5923.718189999927,13.284206539262247,1.876093503051574
3391,5000774703569900800,10.80276553445,-37.98313439561,41.97166073467195,0.0001,0.0005,65.27,HD4113,26,6373.411129999906,85.48979396778218,1.9776144143359395
52942,3872834682965995520,162.4044891335,12.92902716904,168.78491737978294,0.0003,0.0001,64.29,HIP52942A,44,7320.781369999982,850.4732836474311,1.1188546177652894
63759,1529439851267809024,196.03034036877,44.12176145511,31.218099005079186,-0.0062,-0.0043,63.74,HIP63759,5,92.87973000016063,367.25221500598195,5.085935459339171
35279,5561488078545298176,109.32540783025,-40.65604403857,61.38773104807274,-0.0014,-0.0025,62.96,HD56957,4,383.04100000020117,1.5548064188187545,2.016363243967185
71898,1669449084967071872,220.58659993796,66.05561887993,10.931470610741263,0.0145,-0.0103,62.92,HIP71898,42,7555.547769999597,37.92818663038224,4.858674342654316
22764,255758915864998272,73.46022921111,47.95609724945,181.8413252595785,0.0001,-0.0004,62.68,HD30882,9,2188.0465400000103,11.711148695912703,1.073080596927563
10337,5124636303346779008,33.302481157,-21.19620264257,23.74028132233367,-0.0016,0.0031,62.47,HIP10337,18,2161.000539999921,13.348774585750425,6.093159107372058
18512,3256334497479041024,59.36875926225,-1.16008595778,15.284396770712652,0.001,0.0008,62.16,HD24916,32,9178.975249999668,11.993166286666634,3.7045068881166285
2663,5005222984019085312,8.4322091396,-35.0043581012,33.948249288784176,0.0,0.0114,60.96,HD3074A,50,9055.18556999974,22.73442998557429,8.259254264932816
12929,25488745411919360,41.57318770227,11.77430638795,16.157438076618572,-0.0053,0.0027,60.88,HD17230,60,9466.8714399999,11.391392962681342,5.403057535770438
10540,106051542927008128,33.94275613566,25.7826473049,41.06438896189225,-0.0032,0.0001,60.38,HD13871,25,157.77841000026092,48.84945405164047,3.0456717386669623
83146,4339818441179518464,254.88095419344,-7.9554167458,82.27879346377264,-0.0006,0.0002,59.76,HD153378,13,1832.0799400000833,5.09848769432964,1.3581722411313701
63956,1564986340638173952,196.60392119842,57.02521748756,215.41974537386096,0.0,0.0,59.29,HD113983,6,6177.962330000009,1997.6363873458802,0.277374021243728
10531,520377795206114688,33.93346052637,67.67094183196,18.57310280398133,-0.0143,-0.0452,58.54,HD13579,5,2846.0715100001544,15.149508292350616,9.755072924936691
77152,1224551770875466496,236.28058851759,28.47009689285,48.79262645828962,-0.001,0.0002,57.45,HD140913,6,6378.597289999947,863.2634670206812,1.5475384337642417
18806,38878563657131776,60.44272536845,13.83694278137,105.16574120814403,0.0,-0.0009,56.74,HD25311,34,5695.232559999917,34.83646660011499,1.3977012765421393
13558,5184265327181629056,43.66191595208,-5.33091780359,113.80966471672774,-0.0001,0.0001,56.66,HD18131,6,4519.409580000211,2139.6430114392215,0.6028414073015315
24205,3238810137558836352,77.94436285481,4.4028981522,29.587374475563788,-0.001,0.0005,55.6,HD33636,75,8315.189590000082,98.93237877559153,3.751106768864448
10723,2513664248895784192,34.50764793588,1.75946334113,22.42338489964414,-0.0103,-0.0108,49.39,HD14214,2,6.004220000002533,89.36981186060537,8.361372407689725
113421,2648914040357320576,344.56472394702,-2.39544977159,20.086532783230158,-0.0001,-0.0002,49.19,HD217107,174,8523.83424999984,104.89729668443611,0.2591504264989841
62943,3957737119733383936,193.48073217206,24.63581491202,265.6748140276302,0.0,0.0,48.28,HD112115,20,5433.023519999813,887.8752986425915,0.678145517151169
55363,3545597177611374848,170.0486374582,-19.57820770157,34.652315987539026,0.002,-0.0017,47.52,HD98553,12,3985.011489999946,5.839630423003902,1.539086547559402
44416,1017409449558968320,135.71526104358,52.2852005669,116.48902090977926,0.0006,-0.0009,46.64,HD77172,15,5679.370930000208,8.223410506133142,2.5620299738553074
97336,2047452661412980736,296.74290449271,34.41896506956,46.04772386100955,0.0006,-0.002,46.36,HD187123,137,8907.42081000004,52.59459836133603,3.0429064333911375
55486,3977050728669174912,170.45488424844,18.189598751,32.31310102367904,-0.0001,-0.0007,45.35,HD98736,48,6520.114169999957,37.10709231971375,2.833361790291109
75663,6315169558119903616,231.87586545047,-10.96270123778,111.44047963982437,-0.0008,-0.0004,44.09,HD137631,6,412.89248999999836,2812.3400192379054,1.154274769465022
99894,4246124829130366848,304.0248326463,4.58056123698,72.85231378948595,0.0002,0.0002,43.46,HD192699,7,3630.000059999991,51.02906351753077,1.0660487267983978
94336,2132788541955849984,288.01949215169,49.85853689537,25.26471100960312,-0.0179,0.0224,43.06,HD179958,160,9114.056340000127,9.56438586931714,10.584407510190609
103595,6809322862832765568,314.8512548804,-20.44449890175,86.7716603757213,0.0001,-0.0001,42.68,HD199683,5,412.89938000030816,5.540566640696599,0.4092713055612787
97657,2086512227851023872,297.71019881263,48.08191239639,37.839515048775134,0.0073,0.0089,42.52,HTR155-001,149,5416.171759999823,20.331028369486283,4.283289585301207
110716,1905796874660633344,336.48025669042,35.36399844095,30.48306513316527,-0.0039,0.0011,40.38,HD212733,7,4400.887749999762,5414.466871191721,4.252145373191584
77301,1398218223733415552,236.723529417,46.98628868217,37.052406924353804,-0.0016,-0.0007,38.45,HD141399,371,6879.282490000129,33.07992027101389,1.702557167023151
63734,3512153298068184448,195.912038825,-16.33670479298,54.08533584289292,0.0,0.0002,38.14,HD113414,3,8.0339199998416,35.7529148089122,1.7972743771356468
7830,2589332879637571328,25.18488859656,15.61931582461,37.30661185081832,-0.0013,-0.0004,37.3,HIP7830,6,3205.172369999811,6.919378555910928,2.9412289586283302
98714,2029001447540053504,300.75374504847,28.30654687198,62.90376353217213,0.0019,-0.0017,36.33,HD190228,40,7225.351699999999,59.65988357153063,2.00647933562689
14501,5155981730587168384,46.82735659937,-13.76295199599,32.0316729181815,0.0,0.0013,35.23,HD19467,58,9531.806360000279,15.707742231642618,4.211462916371972
22627,3288082758293022848,73.02457135962,6.4751939412,12.412753856332305,0.0025,-0.0059,35.1,HIP22627,80,8249.26688000001,18.05956758176968,5.47402210691857
22429,273059284652294528,72.38940555931,53.36542908574,67.74700558235327,-0.0006,0.0,33.79,HD30339,19,1956.6210199999623,7377.388562910495,1.4134123274624146
31083,3130091149360313984,97.83904288787,2.91135168238,29.494609860048076,0.0005,-0.0001,33.4,HD46090,6,1134.95027999999,4878.23415005854,1.7904549671411223
64457,3684934540986187776,198.18182475057,-2.26499111473,21.029211677941827,-0.002,0.0002,33.35,HD114783,154,8562.380379999988,22.994942168737055,2.2185013026098996
36635,1108529414127974656,113.00630180039,68.62043883061,23.386889309852897,-0.0003,-0.007,33.17,HIP36635,4,349.0546800000593,12.026259947853005,3.3872652584496925
59021,3466217935643483392,181.52123790125,-32.96207192116,48.38936014749077,0.0007,0.0035,33.15,HD105113,35,9194.835959999822,12.45202917971352,3.2705797742448373
184,2765462891378117504,0.58973953534,11.00604606523,33.7963432356619,-0.0001,-0.0006,32.87,HD224983,34,7001.884559999686,6.851862131063467,0.6939385666675519
4393,416736832741633792,14.07383643851,52.49124730712,41.13618132828729,-0.0001,-0.0032,32.42,HD5372,31,9113.907589999959,9.807658958006193,3.2312672109710467
68133,6177355018346589696,209.21920298954,-27.66213747143,103.89394506088186,0.0001,0.0004,32.21,HD121579,9,1358.1914499998093,60.220428550958616,1.7221306023830671
45406,686996756484129664,138.78855086154,23.37484144421,48.62441529140612,0.0018,0.0012,31.25,HD79498,8,6014.713789999951,9.71335669139591,3.279695000681597
101382,2067948245320365184,308.21423959367,41.90049840162,21.858640173994775,-0.0049,0.0017,30.85,HD195987,38,6884.0995700000785,13660.667571967813,7.665316813814547
107985,6812056381881853056,328.15181795658,-26.02721880519,59.20768278891869,0.0015,-0.0005,29.21,HD207832,127,5877.959500000346,20.205926948862476,3.1691341649437907
9683,105332908999068032,31.14233277041,25.41353654655,37.79089541747602,-0.0029,-0.0058,27.86,HD12661,112,8782.92081000004,56.78448587967532,3.280295444518892
4353,5032229910174557056,13.95723719665,-29.67519470714,31.132184140642757,-0.0049,0.0042,27.56,HIP4353,7,3667.054099999834,25.80137420112864,6.840596615415739
120005,1022456104850892928,138.59136535748,52.68338581745,6.333824204709199,0.1547,-0.1625,27.48,HD79210,34,8991.146100000013,23.820021861159823,13.926980504713816
1365,2541687192515862912,4.27321550869,-1.65296510743,214.882781442723,-0.0001,-0.0001,26.07,HD1293,9,3989.1904499996454,169.82103128326335,0.37874965762731616
59958,3921422209171933952,184.46113745408,15.01925292202,114.74469305794607,0.0002,-0.0003,25.99,HD106949,5,465.8136299997568,8.39843150236995,2.1525267054903363
102035,2062899081774559744,310.15432408758,37.39744856225,141.82184340032052,0.0021,-0.0004,25.98,HD197162,18,1938.9064099998213,13.55303358813725,1.3844433225632948
17960,43802039287826432,57.59623192569,17.4752918287,46.572497077575804,0.0,-0.0015,25.95,HD24040,100,9057.239890000317,39.030045095214085,4.287127059252241
7244,291701396922348672,23.32926588448,23.97570360331,32.917367532283706,0.0,-0.0003,25.9,HD9472,33,5881.861699999776,8.511359361905713,0.48223586160575505
108513,1779772947826839808,329.74907707198,19.02014971863,66.8489414470122,0.0004,-0.0003,25.14,HD208897,14,4362.253260000143,21.852916419267075,1.3497675723644424
47007,5691782130578684544,143.71140376576,-12.13034686828,27.68871241949507,0.0,0.0013,24.13,HD82943,167,7505.2107799998485,45.6781104876207,2.8796188000588847
1989,2793182094909155584,6.29630317861,16.99164298252,62.03050660314744,0.0008,-0.0008,23.75,HD2085,4,823.9162099999376,8713.755381587609,1.7033094370725133
28284,2917842141990377088,89.64815310004,-21.54370785152,71.74115790228855,-0.002,-0.0005,23.7,HD40537,10,5435.100270000286,4.866147370696179,1.748553587772254
23884,3421680597955802624,76.98199815177,26.32766373181,38.2687229727144,-0.0028,-0.003,23.47,HD32963,220,8614.345009999815,8.079249878670206,1.571509220477448
12797,5076927085068494080,41.12045444078,-24.41679897212,45.32803901837599,0.0003,0.0042,23.4,HD17152,10,1111.9876500000246,4037.634128504992,4.1853057892992584
107107,2700327032273611264,325.43234046537,6.42084023796,50.4316953118696,0.0002,0.0,23.29,HD206387,26,7746.9631500002,67.96020309740105,0.7677794923436466
30905,3327980255695313792,97.30590964474,10.93360691408,34.90681625400992,0.0006,-0.0007,23.23,HD45652,35,5725.157420000061,18.78842241032779,3.486011669903794
20723,3179384931394690304,66.61005333183,-10.55108012155,39.235996672787486,-0.0027,0.002,22.94,HD28185,37,6810.245060000103,115.43695131253827,1.628210480078766
67246,3721126409323324416,206.73571262765,6.34987585677,31.465736959025318,-0.0122,-0.0045,22.71,HD120066,85,8983.557390000205,30.686571522757127,8.415467220765441
88724,4474929384941435904,271.70335950608,6.41034505662,44.556330340633146,0.0,-0.0001,22.59,HD165672,6,3680.7825699998066,28.334028618723934,0.7284964583803766
87601,1418519292895059840,268.4181197606,56.39249665766,67.77179879908373,-0.0011,-0.0001,22.25,HD163607,75,5881.855579999741,40.18944239835644,2.2935779256733952
14774,5181477687248108416,47.68086590812,-6.52599667164,68.31067695880867,-0.0005,0.0,22.18,HD19773,23,5373.194350000005,16.315493291102655,1.0464676707385565
792,2443273475830637312,2.45313991968,-6.84130380153,87.8371849938953,-0.0004,0.0002,21.58,HD533,6,590.3066699998453,5.861654612820512,0.9710231822339987
106512,1770396720686688896,323.59694323694,13.91963554477,61.330127811986365,0.0003,0.0,21.4,HD205353,7,2202.0483099999838,11.514459330192915,1.736034006662889
81022,4432401099808805888,248.21266994864,2.08444228172,73.37887715642175,0.0,0.0004,20.95,HD149143,59,6218.896720000077,107.11455035052904,1.3960573459263232
117877,2743691667793126400,358.65207214186,5.05636713525,131.57894736842107,0.0,-0.0001,20.75,HD224032,16,6568.074150000233,287.09310997844557,2.0973373977469136
76804,6317333225206693120,235.23057309515,-8.99914901547,59.10654545884411,-0.0001,-0.0005,20.61,HD139879,4,412.85247999988496,3.540321501408217,2.123408760812958
52409,3802549437248150656,160.70213308586,-2.18473323398,34.54637159459142,-0.0001,-0.0007,20.36,HD92788,68,8393.95857000025,72.45694635353206,3.522367563934107
96895,2135550755683405952,295.45292122203,50.52434032321,21.130971876789527,-0.0031,-0.0069,20.35,HD186408,207,9053.127270000055,9.325856165022293,3.538981073671668
72830,1281454212031460992,223.29917813669,28.5086629044,77.23200494284832,-0.0016,0.001,20.28,HD131509,36,9408.128099999856,56.860632891383915,2.07013808485288
33212,3380479015342121600,103.67826702318,24.24511904614,31.069891721427354,0.0,-0.0003,19.99,HD50554,50,8340.930170000065,49.79623430849087,1.6787741305472237
9353,2511794495013074048,30.03922199293,3.09587909542,31.79731121936329,0.0032,-0.0038,19.82,HD12235,11,7232.085700000171,10.713254869128669,5.579923115879241
34239,3109521073513682048,106.47000480412,-1.02130699502,65.59054446710962,0.0002,-0.001,19.04,HD53665,30,8793.968760000076,33.280851216664324,3.0599429765214095
14702,4461513243479680,47.48545739496,6.70455867906,117.26903862842133,0.0,-0.0001,19.03,HD19638,7,1413.1335400003009,381.2792558560495,2.0046546810384123
98964,4247115798351115904,301.39075042866,3.50215088247,41.909391894723605,0.0027,-0.0029,18.69,HD190594,32,6248.004399999976,4.90312158468394,3.115734039241208
24133,181312735893067008,77.74568791174,32.03890886707,44.980006387160905,0.0054,-0.0016,18.35,HD33334,25,5695.202839999925,9.600328746628072,1.8985283686918462
56960,3591819100253606784,175.15236391713,-8.40571577125,43.172673424629146,-0.0001,-0.0001,18.1,HD101472,15,4057.769970000256,11535.288228165171,0.3724410435891783
9797,5124376131407710848,31.49509445756,-21.75567781911,277.062034189455,0.0,0.0,17.91,HD12911,6,1121.9505500001833,4070.560921342745,0.22988985671010462
65808,6166183842771027328,202.33682679605,-35.57132340507,32.316442605997935,-0.0035,0.0009,17.81,HD117207,56,8932.576419999823,19.856366248170723,3.5494239849043705
70003,1484569984328261632,214.86310546122,37.60982196231,131.88262446422684,-0.0004,-0.0004,17.42,HD125607,11,2265.824080000166,3860.0908559209656,0.9301244679426239
29568,2913411183149615744,93.43850151003,-23.86144199348,16.698672455539786,0.0017,-0.0036,16.04,HD43162,11,8789.912990000099,140.74978388363837,1.933714887845504
107251,2667434008056899712,325.85376052798,-7.4082445577,147.8480713219096,0.0,0.0,15.71,HD206610,38,5102.909230000339,35.25978439536176,0.04678027553084649
60039,3950383585966248704,184.69198530106,19.16800748842,78.89919838414441,-0.0002,-0.0002,15.37,HD107087,6,791.92742000008,5453.824614694954,1.5236510411590327
27263,3337001130124886144,86.68588067167,11.05014462919,117.8244886417193,-0.001,0.0009,15.3,HD38505,20,5052.073799999896,950.9244751178552,1.3715413613077048
87803,4469615582682162816,269.04824951336,3.4707783023,34.5521011132687,-0.0037,-0.0038,15.3,HIP87803,3,269.10865999991074,4553.806246981675,5.8881159704697925
79762,1642642957122493824,244.1832386721,67.25664394372,10.764436454840498,-0.0271,-0.0296,15.22,HD147379B,38,6615.906899999827,6.074442014894754,7.886601730538993
19793,149005270337201792,63.63522691509,23.57473170496,45.466945530599254,-0.0027,0.0006,15.04,HD26736,24,5810.114880000241,62.08275305251621,2.070008912638505
115100,2824958015312906240,349.69470196184,18.64575285266,72.53104328652663,0.0,0.0,15.01,HD219828,42,6025.355340000242,160.10769662882737,0.1216250705989918
98767,2029433521248546304,300.90937077932,29.89445550304,16.003456746657278,0.0367,-0.0538,14.83,HD190360,355,9350.410620000213,16.978972592059186,13.851991502555517
64459,6180035765135232128,198.18336189982,-31.87474057208,37.96824336125265,0.0065,0.0153,14.59,HD114729,59,8096.921520000324,11.532970583751652,5.9525511833497315
8159,95652018353917056,26.23240115067,20.08267741782,33.16364601124248,-0.0014,-0.0038,14.55,HD10697,94,9017.067689999938,72.55310529904898,1.8343944551896507
6643,297045096447719040,21.30342894332,28.56597906529,44.831791119718815,-0.0039,-0.0004,13.86,HD8574,38,8693.961159999948,40.939104289427554,4.798808036375519
97758,1821267245394237056,297.99792501908,17.83820343671,99.11490390810066,0.0001,-0.0002,13.85,HD187944,5,282.0610099998303,9.89040422834173,1.1195836014734262
56242,3966121308211393920,172.93573514116,14.36368448865,23.444679933229555,-0.0007,-0.0026,13.68,HD100180,86,9242.816339999903,5.81064481623492,6.102017748762969
12158,2495442626804315392,39.17544637393,-3.15587958706,24.418951059538287,-0.0074,-0.001,13.01,HD16287,21,8637.62128000008,7373.403260358752,5.244519796931859
110876,2702670022832906752,336.95676048127,1.65734012309,137.39472129480785,0.0,0.0,12.9,HD212924,4,8.900759999640286,4221.624570803914,0.4441411728925081
10626,351537889154226816,34.19802896031,43.77218311915,47.19719459875305,-0.0027,0.0024,12.87,HD13931,69,9115.92837999994,15.624389429270847,3.338469483503699
83389,1359938520253565952,255.65248586999,47.08573172499,18.269545216210933,0.0149,0.0554,12.81,HD154345,238,9103.055399999954,12.712198977976684,14.009132567136891
71395,1176209886733406592,219.00325772305,9.74539226896,16.3187508975313,0.0025,-0.0042,12.64,HD128311,141,8432.990289999638,64.2727827867377,5.202996085394727
3559,2376087581593256448,11.36937564818,-12.88172261916,32.381846736719396,-0.0004,-0.0016,12.54,HD4307,87,9226.749969999772,10.103341166347066,3.3346970961916496
31246,3131777319158581376,98.30309454116,5.46248687668,29.51611284600263,0.0,-0.0002,12.49,HD46375,81,8522.72771999985,24.473184293108336,2.3889610864516584
92919,4533301804432654976,283.97241032476,23.55537801,21.329784057266203,-0.0006,-0.0013,12.31,HD175742,9,738.0450599999167,28812.374118867356,5.035437793403508
5985,2531792756096759296,19.24702136896,-2.27977274695,28.723829001301187,-0.0013,0.0009,12.29,HD7727,7,5449.0317199998535,8.474421882234518,4.731784379664842
3479,2343647384368388608,11.11256828996,-26.51503030437,34.10792429405124,-0.0143,-0.0033,12.06,HD4208,60,9116.057569999713,15.304705810013909,5.440741146914034
73269,6224299285781594624,224.6266569908,-28.7099566503,48.090101614384714,-0.0018,-0.001,12.0,HD132173,15,4194.352539999876,22655.33692875663,2.2346693043559216
74842,6334990316794611200,229.42134889397,-5.20247612897,82.42460209523338,-0.0005,0.0,11.99,HD135872,7,1741.1267900001258,50.82426861394915,1.3299641791341708
3125,2343528121716418048,9.93686119806,-26.46606930202,40.38821148883064,0.0001,0.0018,11.92,HIP3125,2,0.9363799998536706,262.8103773636041,3.9223073351073925
21637,146677879098433152,69.71422601517,23.14973331854,43.4133296287292,-0.0025,0.001,11.82,HD29419,6,193.19825000036508,17.64366101087489,1.8949342112248624
80459,1428427236986209024,246.35586664037,54.30333668561,6.478769396625727,0.0157,-0.0245,11.82,GL625,53,7786.696980000008,4.32840788856391,7.401391419014114
